Workbook

Sheet Prices
A1: Date | B1: TCS_price | C1: EternalLTD_price | D1: ITC_price
A2: 45693 | B2: 4029.9972 | C2: 235.99891 | D2: 432.35753
A3: 45694 | B3: 4017.8381 | C3: 235.7493 | D3: 430.9935
A4: 45695 | B4: 4049.5856 | C4: 238.07911 | D4: 434.33905
A5: 45698 | B5: 4131.3996 | C5: 243.3664 | D5: 443.05281
A6: 45699 | B6: 4113.4645 | C6: 242.78615 | D6: 441.06852
A7: 45700 | B7: 4095.6083 | C7: 242.20733 | D7: 439.09321
A8: 45701 | B8: 4181.6067 | C8: 247.77916 | D8: 448.25123
A9: 45702 | B9: 4221.6483 | C9: 250.64345 | D9: 452.48102
A10: 45705 | B10: 4189.6358 | C10: 249.23171 | D10: 448.98785
A11: 45706 | B11: 4216.5929 | C11: 251.32832 | D11: 451.81433
A12: 45707 | B12: 4184.97 | C12: 249.9337 | D12: 448.36395
A13: 45708 | B13: 4153.4511 | C13: 248.53886 | D13: 444.92565
... A253: 46044 | B253: 2992.9 | C253: 286.9 | D253: 310.15

Sheet Returns
A1: Date | B1: TCS_log_return | C1: Eternal_log_return | D1: ITC_log_return | F1: SUMMARY | G1: TCS | H1: ETERNAL | I1: ITC
A2: =Prices!A2 -> 45693 | B2: =LN(Prices!B3/Prices!B2) -> -0.0030217035 | C2: =LN(Prices!C3/Prices!C2) -> -0.0010582398 | D2: =LN(Prices!D3/Prices!D2) -> -0.0031598467 | F2: MEAN | G2: =AVERAGE(B:B) -> -0.00096191598 | H2: =AVERAGE(C:C) -> 0.00036445193 | I2: =AVERAGE(D:D) -> -0.0012345574
A3: =Prices!A3 -> 45694 | B3: =LN(Prices!B4/Prices!B3) -> 0.007870579 | C3: =LN(Prices!C4/Prices!C3) -> 0.0098340427 | D3: =LN(Prices!D4/Prices!D3) -> 0.0077324358 | F3: VOLATILITY | G3: =_xlfn.STDEV.P(B:B) -> 0.013831211 | H3: =_xlfn.STDEV.P(C:C) -> 0.014890329 | I3: =_xlfn.STDEV.P(D:D) -> 0.013444593
A4: =Prices!A4 -> 45695 | B4: =LN(Prices!B5/Prices!B4) -> 0.020001669 | C4: =LN(Prices!C5/Prices!C4) -> 0.021965133 | D4: =LN(Prices!D5/Prices!D4) -> 0.019863526 | F4: SKEWNESS | G4: =SKEW(B:B) -> 0.4989451 | H4: =SKEW(C:C) -> -1.0627166 | I4: =SKEW(D:D) -> 0.30162582
A5: =Prices!A5 -> 45698 | B5: =LN(Prices!B6/Prices!B5) -> -0.0043506012 | C5: =LN(Prices!C6/Prices!C5) -> -0.0023871375 | D5: =LN(Prices!D6/Prices!D5) -> -0.0044887444 | F5: KURTOSIS | G5: =KURT(B:B) -> 1.2390368 | H5: =KURT(C:C) -> 8.9432904 | I5: =KURT(D:D) -> 0.56845539
A6: =Prices!A6 -> 45699 | B6: =LN(Prices!B7/Prices!B6) -> -0.0043503736 | C6: =LN(Prices!C7/Prices!C6) -> -0.0023869099 | D6: =LN(Prices!D7/Prices!D6) -> -0.0044885168
A7: =Prices!A7 -> 45700 | B7: =LN(Prices!B8/Prices!B7) -> 0.020780292 | C7: =LN(Prices!C8/Prices!C7) -> 0.022743756 | D7: =LN(Prices!D8/Prices!D7) -> 0.020642149
A8: =Prices!A8 -> 45701 | B8: =LN(Prices!B9/Prices!B8) -> 0.0095301052 | C8: =LN(Prices!C9/Prices!C8) -> 0.011493569 | D8: =LN(Prices!D9/Prices!D8) -> 0.009391962
A9: =Prices!A9 -> 45702 | B9: =LN(Prices!B10/Prices!B9) -> -0.0076118438 | C9: =LN(Prices!C10/Prices!C9) -> -0.0056483801 | D9: =LN(Prices!D10/Prices!D9) -> -0.007749987
A10: =Prices!A10 -> 45705 | B10: =LN(Prices!B11/Prices!B10) -> 0.006413635 | C10: =LN(Prices!C11/Prices!C10) -> 0.0083770987 | D10: =LN(Prices!D11/Prices!D10) -> 0.0062754918
A11: =Prices!A11 -> 45706 | B11: =LN(Prices!B12/Prices!B11) -> -0.007527906 | C11: =LN(Prices!C12/Prices!C11) -> -0.0055644423 | D11: =LN(Prices!D12/Prices!D11) -> -0.0076660492
A12: =Prices!A12 -> 45707 | B12: =LN(Prices!B13/Prices!B12) -> -0.0075599481 | C12: =LN(Prices!C13/Prices!C12) -> -0.0055964844 | D12: =LN(Prices!D13/Prices!D12) -> -0.0076980913
A13: =Prices!A13 -> 45708 | B13: =LN(Prices!B14/Prices!B13) -> 0.0022477415 | C13: =LN(Prices!C14/Prices!C13) -> 0.0042112052 | D13: =LN(Prices!D14/Prices!D13) -> 0.0021095983
A14: =Prices!A14 -> 45709 | B14: =LN(Prices!B15/Prices!B14) -> -0.027621112 | C14: =LN(Prices!C15/Prices!C14) -> -0.025657649 | D14: =LN(Prices!D15/Prices!D14) -> -0.027759255
A15: =Prices!A15 -> 45712 | B15: =LN(Prices!B16/Prices!B15) -> -0.025010655 | C15: =LN(Prices!C16/Prices!C15) -> -0.023047191 | D15: =LN(Prices!D16/Prices!D15) -> -0.025148798
A16: =Prices!A16 -> 45713 | B16: =LN(Prices!B17/Prices!B16) -> -0.0088981131 | C16: =LN(Prices!C17/Prices!C16) -> -0.0069346494 | D16: =LN(Prices!D17/Prices!D16) -> -0.0090362563
A17: =Prices!A17 -> 45714 | B17: =LN(Prices!B18/Prices!B17) -> -0.01514206 | C17: =LN(Prices!C18/Prices!C17) -> -0.013178597 | D17: =LN(Prices!D18/Prices!D17) -> -0.015280204
... A252: =Prices!A252 -> 46043 | B252: =LN(Prices!B253/Prices!B252) -> 0.011614831 | C252: =LN(Prices!C253/Prices!C252) -> 0.013578294 | D252: =LN(Prices!D253/Prices!D252) -> 0.011476687
A253: =Prices!A253 -> 46044 | B253: =LN(3162.5/Prices!B253) -> 0.055120037 | C253: =LN(258.7/Prices!C253) -> -0.10346463 | D253: =LN(316.76/Prices!D253) -> 0.021088338

Sheet Correlation Matrix
B1: TCS | C1: ETERNAL | D1: ITC
A2: TCS | B2: 1 | C2: =CORREL(Returns!B:B,Returns!C:C) -> 0.75538653 | D2: =CORREL(Returns!B:B,Returns!D:D) -> 0.98819322
A3: ETERNAL | B3: =CORREL(Returns!C:C,Returns!B:B) -> 0.75538653 | C3: 1 | D3: =CORREL(Returns!C:C,Returns!D:D) -> 0.84686505
A4: ITC | B4: =CORREL(Returns!D:D,Returns!B:B) -> 0.98819322 | C4: =CORREL(Returns!D:D,Returns!C:C) -> 0.84686505 | D4: 1
